ABC_transporters	ABCC4	ENSGACG00000004126	1.87591502291461	1.94246317832571	2.61251524329659
ABC_transporters	ABCG4	ENSGACG00000005285	0.085268864677937	0.0809359657635711	0
ABC_transporters	abcb10	ENSGACG00000016176	30.8673290134132	37.3114802170063	25.0801463356473
ABC_transporters	abcb11a	ENSGACG00000005277	12.6197919723347	14.2447299743885	12.8884085335965
ABC_transporters	abcb11b	ENSGACG00000013935	0.682150917423496	0.404679828817856	1.04500609731864
ABC_transporters	abcb4	ENSGACG00000009299	2.38752821098224	2.10433510985285	2.09001219463727
ABC_transporters	abcb6a	ENSGACG00000015126	39.6500220752407	43.786357478092	36.836464930482
ABC_transporters	abcb6b	ENSGACG00000008399	0.255806594033811	0.161871931527142	0
ABC_transporters	abcb7	ENSGACG00000018231	153.057612096897	171.584247418771	159.798849048308
ABC_transporters	abcb8	ENSGACG00000017977	26.8596923735502	28.3275880172499	25.2543140185337
ABC_transporters	abcb9	ENSGACG00000005204	2.3022593463043	2.42807897290713	2.87376676762625
ABC_transporters	abcc1	ENSGACG00000000434	91.8345672581382	104.407395835007	89.6092728450732
ABC_transporters	abcc10	ENSGACG00000019810	25.9217348620929	22.5001984822728	25.341397859977
ABC_transporters	abcc12	ENSGACG00000014858	3.41075458711748	3.31837459630642	3.30918597484235
ABC_transporters	abcc2	ENSGACG00000007419	23.6194755157886	25.8185730785792	29.8697576150244
ABC_transporters	abcc3	ENSGACG00000005901	39.9910975339525	44.919460998782	37.3589679791413
ABC_transporters	abcc4	ENSGACG00000013989	83.6487562490562	88.7867544426375	87.7805121747655
ABC_transporters	abcc4	ENSGACG00000013999	40.9290550454098	42.7341899231656	40.1456509053243
ABC_transporters	abcc6a	ENSGACG00000019172	6.48043371552321	8.4173404394114	7.4892103641169
ABC_transporters	abcc8	ENSGACG00000011021	1.02322637613524	0.890295623399283	0.783754572988978
ABC_transporters	abcc9	ENSGACG00000001102	7.93000441504814	6.39394129532212	7.66337804700334
ABC_transporters	abcg2a	ENSGACG00000018590	0.255806594033811	0.0809359657635711	0.435419207216099
ABC_transporters	abcg2b	ENSGACG00000016636	4.26344323389685	3.6421184593607	3.13501829195591
ABC_transporters	abcg2d	ENSGACG00000017328	0.682150917423496	0.566551760344998	0.957922255875418
ABC_transporters	abcg4a	ENSGACG00000020409	0.255806594033811	0	0.0870838414432198
ABC_transporters	abcg5	ENSGACG00000010653	9.80591943796276	9.87418782315568	9.31797103442452
ABC_transporters	abcg8	ENSGACG00000010667	1.6201084288808	2.91369476748856	2.00292835319406
Antioxidants	GPX2	ENSGACG00000005976	1.02322637613524	0.647487726108569	1.48042530453474
Antioxidants	PRDX6	ENSGACG00000016284	5.20140074535416	5.50364567192284	3.74460518205845
Antioxidants	cat	ENSGACG00000003491	107.694576088234	127.231338180334	118.346940521336
Antioxidants	gclc	ENSGACG00000006384	74.9513320519066	72.6804972556869	67.9253963257114
Antioxidants	gclm	ENSGACG00000011182	55.3394931759811	57.6264076236627	54.4274009020124
Antioxidants	gpx1a	ENSGACG00000010455	10.4880703553863	8.09359657635711	9.6663064001974
Antioxidants	gpx1b	ENSGACG00000000882	31.0378667427691	29.056011709122	30.5664283465701
Antioxidants	gpx3	ENSGACG00000018379	2.81387253437192	3.88492635665142	3.91877286494489
Antioxidants	gpx4a	ENSGACG00000013272	127.30641496416	137.024590037726	139.334146309152
Antioxidants	gpx4b	ENSGACG00000015373	294.859734056306	334.75115439813	341.891161506081
Antioxidants	gpx7	ENSGACG00000005246	10.9144146787759	10.8454194123185	10.2758932902999
Antioxidants	gpx8	ENSGACG00000004723	13.3872117544361	12.7878825906442	13.6721631065855
Antioxidants	gpx9	ENSGACG00000002427	0.170537729355874	0.161871931527142	0.17416768288644
Antioxidants	gsr	ENSGACG00000017557	37.7741070523261	37.8780319773513	40.1456509053243
Antioxidants	gss	ENSGACG00000004127	18.6738813644682	18.2915282625671	16.2846783498821
Antioxidants	nme8	ENSGACG00000006066	5.62774506874384	5.01802987734141	4.78961127937709
Antioxidants	prdx1	ENSGACG00000016172	41.952281421545	42.9769978204563	42.9323338315074
Antioxidants	prdx2	ENSGACG00000019097	352.075142255202	326.8194297533	363.139618818226
Antioxidants	prdx3	ENSGACG00000003133	44.9366916852728	36.421184593607	44.2385914531556
Antioxidants	prdx4	ENSGACG00000020678	194.071936006985	182.348730865326	195.416140198585
Antioxidants	prdx5	ENSGACG00000020286	102.322637613524	86.0349316066761	96.5759801605307
Antioxidants	prdx6	ENSGACG00000014613	101.725755560779	97.2040948820489	100.05933381826
Antioxidants	sod1	ENSGACG00000020581	48.3474462723903	44.1910373069098	52.9469755974776
Antioxidants	sod2	ENSGACG00000009000	6.73624030955702	7.2842369187214	7.40212652267368
Antioxidants	sod3b	ENSGACG00000017840	2.81387253437192	2.58995090443428	2.61251524329659
Antioxidants	txn	ENSGACG00000019142	483.474462723903	455.264807420088	495.332890129034
Antioxidants	txn2	ENSGACG00000006081	33.7664704124631	28.8132038118313	31.0018475537862
Antioxidants	txnl1	ENSGACG00000000637	158.003206248217	143.580403264575	153.006309415737
Antioxidants	txnl4a	ENSGACG00000008476	113.2370522923	108.373258157422	117.563185948347
HLH-PAS	ahr1b	ENSGACG00000008458	3.24021685776161	2.75182283596142	3.74460518205845
HLH-PAS	ahr1b	ENSGACG00000015615	15.1778579126728	10.764483446555	12.278821643494
HLH-PAS	ahr2	ENSGACG00000015617	3.66656118115129	5.42270970615927	4.87669512082031
HLH-PAS	ahrrb	ENSGACG00000001925	1.44957069952493	1.21403948645357	0.609586890102539
HLH-PAS	arnt	ENSGACG00000011686	69.067780389129	78.1032069618462	66.7062225455064
HLH-PAS	arnt2	ENSGACG00000013947	31.9758242542264	29.8653713667578	33.5272789556396
HLH-PAS	arntl1a	ENSGACG00000002445	33.5106638184292	33.9121696549363	32.3951890168778
HLH-PAS	arntl2	ENSGACG00000019208	24.301626433212	28.1657160857228	24.3834756041015
HLH-PAS	clockb	ENSGACG00000015939	7.67419782101433	8.57921237093854	6.53128810824148
HLH-PAS	hif1ab	ENSGACG00000008525	39.3942154812069	39.4158153268591	39.1877286494489
HLH-PAS	hif1al	ENSGACG00000013185	165.251059745842	177.492572919512	159.276345999649
HLH-PAS	hif1an	ENSGACG00000008460	8.10054214440402	9.14576413128354	8.09879725421944
HLH-PAS	ncoa1	ENSGACG00000006727	9.89118830264069	11.4119711726635	9.40505487586774
HLH-PAS	ncoa2	ENSGACG00000002822	33.7664704124631	46.2144364509991	39.1877286494489
HLH-PAS	ncoa2	ENSGACG00000017565	28.9061451258206	41.4392144709484	32.3081051754345
HLH-PAS	ncoa3	ENSGACG00000010036	97.5475811915599	115.738431041907	91.6122011982672
HLH-PAS	ncoa3	ENSGACG00000015221	7.75946668569227	8.01266061059354	6.35712042535504
HLH-PAS	ncoa4	ENSGACG00000012317	295.11554065034	352.718938797643	314.111416085694
HLH-PAS	ncoa5	ENSGACG00000005473	106.24500538871	91.7813851758897	104.065190524648
HLH-PAS	ncoa6	ENSGACG00000001600	99.9351094025422	117.276214391415	106.677705767944
HLH-PAS	npas1	ENSGACG00000009494	3.58129231647335	2.50901493867071	3.13501829195591
HLH-PAS	npas2	ENSGACG00000020338	0.341075458711748	0.161871931527142	0
HLH-PAS	npas4a	ENSGACG00000017076	0	0.0809359657635711	0
HLH-PAS	npas4l	ENSGACG00000004135	2.21699048162636	3.6421184593607	2.52543140185337
HLH-PAS	per1b	ENSGACG00000019308	4.00763663986304	5.09896584310498	4.44127591360421
HLH-PAS	per2	ENSGACG00000005662	1.79064615823668	1.37591141798071	1.39334146309152
HLH-PAS	per2	ENSGACG00000013485	2.3022593463043	2.91369476748856	2.43834756041015
HLH-PAS	sim1a	ENSGACG00000014149	2.81387253437192	2.99463073325213	2.69959908473981
HLH-PAS	sim1a	ENSGACG00000020158	2.55806594033811	1.29497545221714	2.17709603608049
HLH-PAS	sim1b	ENSGACG00000009479	11.8523721902332	10.6835474807914	9.14380335153808
Heat_response	CLPB	ENSGACG00000007783	5.37193847471003	5.26083777463213	7.4892103641169
Heat_response	DNAJA4	ENSGACG00000010346	88.3385438063427	94.4522720460875	88.9996859549706
Heat_response	DNAJB5	ENSGACG00000009733	3.24021685776161	3.6421184593607	2.61251524329659
Heat_response	DNAJC13	ENSGACG00000004764	227.497330960736	299.705881222504	224.240891716291
Heat_response	DNAJC7	ENSGACG00000006213	140.608357853918	141.152324291668	141.249990820902
Heat_response	HSF1	ENSGACG00000010434	65.5717569373336	67.6624673783455	64.0066234607665
Heat_response	HSF2	ENSGACG00000004065	26.6038857795163	29.4606915379399	25.6897332257498
Heat_response	HSPA2	ENSGACG00000013046	0	0	0.17416768288644
Heat_response	HSPA2	ENSGACG00000013048	0.682150917423496	0.404679828817856	0.609586890102539
Heat_response	HSPA2	ENSGACG00000013051	0	0	0
Heat_response	clpxb	ENSGACG00000005974	125.345231076567	158.958236759654	120.698204240303
Heat_response	cryaa	ENSGACG00000015336	0.937957511457307	0.890295623399283	0.609586890102539
Heat_response	cryaba	ENSGACG00000020643	0	0	0
Heat_response	dnaja1	ENSGACG00000017879	127.988565881583	124.398579378609	135.50245728565
Heat_response	dnaja2a	ENSGACG00000014888	256.062400627845	257.942922888501	268.914902376663
Heat_response	dnaja2b	ENSGACG00000012845	134.810075055818	138.23862952418	141.772493869562
Heat_response	dnaja3a	ENSGACG00000011295	30.2704469606676	33.1028099973006	33.5272789556396
Heat_response	dnaja3b	ENSGACG00000019868	28.8208762611427	23.7142379687263	29.0860030420354
Heat_response	dnajb11	ENSGACG00000009047	77.3388602628889	83.2831087707147	74.8050197997258
Heat_response	dnajb12a	ENSGACG00000008528	48.5179840017462	51.718082122922	48.9411188910895
Heat_response	dnajb12b	ENSGACG00000002386	2.9844102637278	2.91369476748856	2.43834756041015
Heat_response	dnajb13	ENSGACG00000020355	0.511613188067622	0.647487726108569	0.783754572988978
Heat_response	dnajb14	ENSGACG00000017429	42.3786257449347	42.653253957402	42.409830782848
Heat_response	dnajb1a	ENSGACG00000010423	5.54247620406591	6.79862112413998	4.78961127937709
Heat_response	dnajb1b	ENSGACG00000018800	24.4721641625679	20.7196072354742	28.3893323104896
Heat_response	dnajb2	ENSGACG00000006408	11.2554901374877	11.4929071384271	11.3208993876186
Heat_response	dnajb4	ENSGACG00000016570	0.341075458711748	0.323743863054285	0.348335365772879
Heat_response	dnajb5	ENSGACG00000016157	0.085268864677937	0.161871931527142	0.17416768288644
Heat_response	dnajb6a	ENSGACG00000014834	45.6188426026963	42.8960618546927	45.0223460261446
Heat_response	dnajb6b	ENSGACG00000003949	43.6576587151038	47.185668040162	42.5839984657345
Heat_response	dnajb9a	ENSGACG00000004142	11.0849524081318	10.6026115150278	9.05671951009486
Heat_response	dnajb9b	ENSGACG00000018888	23.4489377864327	27.1135485307963	21.6838765193617
Heat_response	dnajc1	ENSGACG00000002524	63.0136909969955	62.2397576721862	66.3578871797335
Heat_response	dnajc10	ENSGACG00000008189	57.3006770635737	56.9789198975541	60.1749344372649
Heat_response	dnajc11a	ENSGACG00000012391	136.00383916131	136.377102311617	134.805786554104
Heat_response	dnajc11b	ENSGACG00000007927	16.3716220181639	15.7015773581328	15.3267560940067
Heat_response	dnajc12	ENSGACG00000003415	2.9844102637278	1.94246317832571	1.21917378020508
Heat_response	dnajc15	ENSGACG00000002107	17.8211927176888	16.5918729815321	17.5909359715304
Heat_response	dnajc16	ENSGACG00000005593	4.26344323389685	5.50364567192284	3.74460518205845
Heat_response	dnajc16l	ENSGACG00000007720	44.9366916852728	52.0418259859762	46.5898551721226
Heat_response	dnajc17	ENSGACG00000006184	14.4957069952493	12.1403948645357	14.1075823138016
Heat_response	dnajc18	ENSGACG00000020659	8.95323079118339	10.9263553780821	10.5371448146296
Heat_response	dnajc19	ENSGACG00000006076	71.796384058823	67.9052752756362	69.754156996019
Heat_response	dnajc2	ENSGACG00000019413	199.614412211051	182.834346659907	195.677391722915
Heat_response	dnajc21	ENSGACG00000016480	54.6573422585576	53.8224172327748	59.4782637057191
Heat_response	dnajc22	ENSGACG00000009104	3.06967912840573	4.2086702197057	2.61251524329659
Heat_response	dnajc24	ENSGACG00000002495	26.9449612382281	24.3617256948349	27.0830746888414
Heat_response	dnajc25	ENSGACG00000018282	102.237368748846	97.2850308478125	100.581836866919
Heat_response	dnajc27	ENSGACG00000015457	17.3095795296212	17.6440405364585	16.8942652399846
Heat_response	dnajc28	ENSGACG00000012360	1.6201084288808	0.890295623399283	1.48042530453474
Heat_response	dnajc30b	ENSGACG00000009948	1.53483956420287	1.69965528103499	2.17709603608049
Heat_response	dnajc3a	ENSGACG00000004166	67.5329408249261	73.7326648106133	65.4870487653013
Heat_response	dnajc3b	ENSGACG00000019265	35.8129231647335	42.086702197057	35.4431234673905
Heat_response	dnajc4	ENSGACG00000017001	8.44161760311576	7.12236498719426	8.88255182720842
Heat_response	dnajc5aa	ENSGACG00000011986	1.36430183484699	1.45684738374428	1.3062576216483
Heat_response	dnajc5ab	ENSGACG00000010366	16.6274286121977	20.8814791670014	17.0684329228711
Heat_response	dnajc5b	ENSGACG00000001527	0	0	0.0870838414432198
Heat_response	dnajc5ga	ENSGACG00000006091	7.07731576826877	5.50364567192284	5.66044969380929
Heat_response	dnajc5gb	ENSGACG00000011704	14.5809758599272	17.4012326391678	17.3296844472007
Heat_response	dnajc6	ENSGACG00000007183	4.51924982793066	4.04679828817856	5.39919816947963
Heat_response	dnajc7	ENSGACG00000008768	7.58892895633639	7.20330095295783	8.18588109566266
Heat_response	dnajc8	ENSGACG00000003220	132.763622303548	118.894933706686	129.406588384625
Heat_response	dnajc9	ENSGACG00000010267	29.4177583138883	24.1189177975442	28.3893323104896
Heat_response	hsbp1a	ENSGACG00000013784	134.383730732429	132.006560160385	132.367438993694
Heat_response	hsf2bp	ENSGACG00000015333	1.36430183484699	0.971231589162854	0.696670731545758
Heat_response	hsf4	ENSGACG00000013994	0	0.0809359657635711	0
Heat_response	hsp70.3	ENSGACG00000007903	0.085268864677937	0	0.0870838414432198
Heat_response	hsp90aa1.1	ENSGACG00000012875	324.789105558262	273.56356428087	262.906117317081
Heat_response	hsp90aa1.2	ENSGACG00000012888	74.0133745404493	73.5707928790862	71.2345823005538
Heat_response	hsp90ab1	ENSGACG00000013530	7738.4905449815	7646.18255761609	7982.88866125851
Heat_response	hsp90b1	ENSGACG00000010067	1091.61200560695	1211.93515134371	1097.34348602601
Heat_response	hspa12a	ENSGACG00000014625	21.4877538988401	24.7664055236528	26.4734877987388
Heat_response	hspa12b	ENSGACG00000019861	6.2246271214894	7.12236498719426	5.31211432803641
Heat_response	hspa13	ENSGACG00000006344	12.7050608370126	12.9497545221714	14.281749996688
Heat_response	hspa14	ENSGACG00000019293	181.707950628684	155.720798129111	171.816419167473
Heat_response	hspa4a	ENSGACG00000020732	113.833934345046	117.114342459887	111.206065522992
Heat_response	hspa4b	ENSGACG00000018188	696.476086689389	696.534921361293	727.498411416658
Heat_response	hspa4l	ENSGACG00000008210	0.596882052745559	0.485615794581427	0.609586890102539
Heat_response	hspa5	ENSGACG00000016633	885.602428545054	876.536509219476	866.83255772581
Heat_response	hspa8	ENSGACG00000020117	1157.09849367961	1107.28494761142	1170.6680805212
Heat_response	hspa9	ENSGACG00000019542	395.050650052882	426.127859745202	394.402717896342
Heat_response	hspb1	ENSGACG00000020233	6.39516485084528	3.39931056206999	5.66044969380929
Heat_response	hspb11	ENSGACG00000017815	0	0	0
Heat_response	hspb6	ENSGACG00000007622	1.53483956420287	0.890295623399283	1.91584451175084
Heat_response	hspb7	ENSGACG00000005290	1.36430183484699	1.45684738374428	1.3062576216483
Heat_response	hspb8	ENSGACG00000014260	10.4880703553863	12.7069466248807	10.4500609731864
Heat_response	hspb9	ENSGACG00000005313	10.6586080847421	5.98926146650427	5.48628201092285
Heat_response	hspd1	ENSGACG00000008860	609.928189041283	587.918855306581	617.163184308099
Heat_response	hspe1	ENSGACG00000008995	104.454359230473	102.788676519735	104.848945097637
Heat_response	serpinh1b	ENSGACG00000006375	309.440709916233	305.452334791718	295.562557858288
Ion_transporters	SLC22A17	ENSGACG00000002158	3.83709891050717	3.80399039088784	5.22503048659319
Ion_transporters	SLC22A7	ENSGACG00000011422	0	0	0
Ion_transporters	SLC30A6	ENSGACG00000011191	12.6197919723347	12.7878825906442	11.495067070505
Ion_transporters	SLC39A11	ENSGACG00000005456	21.5730227635181	18.8580800229121	20.203451214827
Ion_transporters	SLC39A12	ENSGACG00000004075	0.682150917423496	1.05216755492642	0.696670731545758
Ion_transporters	SLC39A3	ENSGACG00000003277	13.9840938071817	14.163794008625	13.4109115822558
Ion_transporters	SLCO3A1	ENSGACG00000014835	0.170537729355874	0.161871931527142	0.0870838414432198
Ion_transporters	slc22a13a	ENSGACG00000012667	0.937957511457307	1.29497545221714	1.21917378020508
Ion_transporters	slc22a13b	ENSGACG00000003553	0.511613188067622	0.242807897290713	0.261251524329659
Ion_transporters	slc22a15	ENSGACG00000011099	15.0073201833169	13.1925624194621	14.1075823138016
Ion_transporters	slc22a16	ENSGACG00000011584	0.255806594033811	0.161871931527142	0.261251524329659
Ion_transporters	slc22a18	ENSGACG00000017056	6.39516485084528	6.71768515837641	5.66044969380929
Ion_transporters	slc22a2	ENSGACG00000005916	0	0	0.0870838414432198
Ion_transporters	slc22a2	ENSGACG00000005924	0.596882052745559	0.809359657635711	0.783754572988978
Ion_transporters	slc22a23	ENSGACG00000013105	13.9840938071817	19.5865037147842	13.4979954236991
Ion_transporters	slc22a31	ENSGACG00000015452	2.64333480501605	2.75182283596142	2.61251524329659
Ion_transporters	slc22a4	ENSGACG00000020875	0.682150917423496	0.566551760344998	0.609586890102539
Ion_transporters	slc22a5	ENSGACG00000020873	0.937957511457307	0.72842369187214	1.56750914597796
Ion_transporters	slc22a6l	ENSGACG00000020653	369.214184055467	445.79529942575	386.652256007896
Ion_transporters	slc22a7b.3	ENSGACG00000017814	0.255806594033811	0.161871931527142	0
Ion_transporters	slc30a1a	ENSGACG00000009913	26.0922725914487	32.9409380657735	27.2572423717278
Ion_transporters	slc30a2	ENSGACG00000012152	0.085268864677937	0	0
Ion_transporters	slc30a4	ENSGACG00000016836	15.7747399654183	19.4246317832571	16.633013715655
Ion_transporters	slc30a5	ENSGACG00000017973	49.2854037838476	53.8224172327748	51.11821492717
Ion_transporters	slc30a7	ENSGACG00000013532	64.4632616965204	64.4250287478026	66.183719496847
Ion_transporters	slc30a8	ENSGACG00000002999	24.0458198391782	30.5128590928663	23.3384695067829
Ion_transporters	slc30a9	ENSGACG00000017554	46.3862623847977	44.919460998782	46.6769390135658
Ion_transporters	slc31a1	ENSGACG00000015467	28.479800802431	36.0974407305527	30.3922606636837
Ion_transporters	slc31a2	ENSGACG00000018095	16.9685040709095	23.8761099002535	20.7259542634863
Ion_transporters	slc39a1	ENSGACG00000016873	11.3407590021656	13.1925624194621	9.92755792452706
Ion_transporters	slc39a10	ENSGACG00000002320	101.981562154813	137.995821626889	99.3626630867138
Ion_transporters	slc39a13	ENSGACG00000015530	26.0070037267708	25.6567011470521	27.5184938960575
Ion_transporters	slc39a14	ENSGACG00000014341	12.193447648945	11.3310352069	10.711312497516
Ion_transporters	slc39a6	ENSGACG00000015789	15.7747399654183	15.5397054266057	14.9784207282338
Ion_transporters	slc39a8	ENSGACG00000004978	38.7973334284613	33.1837459630642	41.8002438927455
Ion_transporters	slc39a9	ENSGACG00000012404	26.7744235088722	27.5991643253778	27.8668292618303
Ion_transporters	slc47a1	ENSGACG00000020613	10.2322637613524	13.1925624194621	11.4079832290618
Ion_transporters	slc47a1	ENSGACG00000020614	14.4104381305714	15.2968975293149	13.4979954236991
Ion_transporters	slc47a1	ENSGACG00000020615	20.5497963873828	25.8185730785792	23.0772179824532
Ion_transporters	slc47a2.1	ENSGACG00000020612	0	0.242807897290713	0.0870838414432198
Ion_transporters	slc47a3	ENSGACG00000010917	1.02322637613524	0.647487726108569	0.435419207216099
Ion_transporters	slc47a4	ENSGACG00000010927	0.085268864677937	0	0
Ion_transporters	slco1c1	ENSGACG00000008749	0.085268864677937	0.323743863054285	0.435419207216099
Ion_transporters	slco1d1	ENSGACG00000019066	54.0604602058121	99.0656220946111	56.6044969380929
Ion_transporters	slco2a1	ENSGACG00000003718	1.6201084288808	1.29497545221714	1.39334146309152
Ion_transporters	slco2b1	ENSGACG00000001880	15.1778579126728	14.8112817347335	16.1105106669957
Ion_transporters	slco3a1	ENSGACG00000010749	3.41075458711748	4.69428601428713	3.74460518205845
Ion_transporters	slco4a1	ENSGACG00000004451	0.341075458711748	0.242807897290713	0.348335365772879
Ion_transporters	slco5a1a	ENSGACG00000002831	12.1081787842671	12.1403948645357	11.9304862777211
Metal_response	cp	ENSGACG00000006285	19.1002256878579	22.0955186534549	20.2905350562702
Metal_response	fth1b	ENSGACG00000015484	1211.41476047945	1185.22628264174	1240.68348904155
Metal_response	fthl27	ENSGACG00000005970	22.3404425456195	20.2339914408928	22.5547149337939
Metal_response	hmox1a	ENSGACG00000006771	2.81387253437192	2.34714300714356	1.91584451175084
Metal_response	hmox1a	ENSGACG00000019469	16.7979663415536	17.0774887761135	19.3326128003948
Metal_response	hmox2b	ENSGACG00000011292	41.4406682334774	48.7234513896698	45.8931844405768
Metal_response	tfa	ENSGACG00000013533	3164.58337479228	3728.88181465925	3147.73253280662
Nuclear_receptors	NR3C1	ENSGACG00000020725	5.45720733938797	8.57921237093854	4.78961127937709
Nuclear_receptors	PPARG	ENSGACG00000001665	7.84473555037021	8.57921237093854	6.6183719496847
Nuclear_receptors	VDR	ENSGACG00000004763	4.34871209857479	7.2842369187214	5.66044969380929
Nuclear_receptors	ar	ENSGACG00000020332	3.9223677751851	4.61335004852356	2.87376676762625
Nuclear_receptors	esr1	ENSGACG00000008711	0.596882052745559	0.485615794581427	0.348335365772879
Nuclear_receptors	esr2a	ENSGACG00000007514	2.13172161694843	2.10433510985285	1.21917378020508
Nuclear_receptors	esr2b	ENSGACG00000000213	0	0.0809359657635711	0
Nuclear_receptors	esrra	ENSGACG00000020287	15.6042022360625	19.6674396805478	16.5459298742118
Nuclear_receptors	esrrb	ENSGACG00000007542	1.02322637613524	1.86152721256214	0.957922255875418
Nuclear_receptors	esrrb	ENSGACG00000010561	0.085268864677937	0.161871931527142	0.348335365772879
Nuclear_receptors	esrrga	ENSGACG00000016275	1.10849524081318	0.72842369187214	0.783754572988978
Nuclear_receptors	esrrgb	ENSGACG00000013426	4.94559415132035	4.53241408275998	4.44127591360421
Nuclear_receptors	hnf4a	ENSGACG00000011485	61.1377759740808	75.1895121943576	63.2228688877776
Nuclear_receptors	hnf4g	ENSGACG00000002422	0.682150917423496	0.890295623399283	1.13208993876186
Nuclear_receptors	nr1h3	ENSGACG00000017167	19.1854945525358	21.8527107561642	17.9392713373033
Nuclear_receptors	nr1h4	ENSGACG00000011745	0.426344323389685	0.0809359657635711	0.17416768288644
Nuclear_receptors	nr1h5	ENSGACG00000004938	1.44957069952493	1.05216755492642	1.39334146309152
Nuclear_receptors	nr3c1	ENSGACG00000018209	13.2166740250802	19.5865037147842	15.6750914597796
Nuclear_receptors	nr3c2	ENSGACG00000017193	0.255806594033811	0.161871931527142	0.0870838414432198
Nuclear_receptors	pgr	ENSGACG00000012162	0	0.161871931527142	0
Nuclear_receptors	pparaa	ENSGACG00000018958	40.5027107220201	42.4104460601113	40.3198185882108
Nuclear_receptors	pparab	ENSGACG00000003703	12.3639853783009	14.9731536662607	12.9754923750397
Nuclear_receptors	ppardb	ENSGACG00000008288	36.0687297587674	45.0003969645456	38.1427225521303
Nuclear_receptors	ppargc1a	ENSGACG00000019546	5.45720733938797	7.12236498719426	5.05086280370675
Nuclear_receptors	rarab	ENSGACG00000005297	28.479800802431	27.4372923938506	27.0830746888414
Nuclear_receptors	rarga	ENSGACG00000009372	41.0995927747656	49.6946829788327	40.5810701125404
Nuclear_receptors	rarga	ENSGACG00000012955	6.48043371552321	7.20330095295783	5.39919816947963
Nuclear_receptors	rargb	ENSGACG00000000612	37.1772249995805	44.352909238437	37.7073033449142
Nuclear_receptors	rargb	ENSGACG00000007999	1.02322637613524	0.72842369187214	0.522503048659319
Nuclear_receptors	rxraa	ENSGACG00000018189	9.97645716731863	13.1116264536985	12.0175701191643
Nuclear_receptors	rxrba	ENSGACG00000000096	15.6894711007404	18.9390159886756	15.7621753012228
Nuclear_receptors	rxrbb	ENSGACG00000007982	124.236735835754	125.127003070481	123.571971007929
Nuclear_receptors	rxrgb	ENSGACG00000011685	23.2784000570768	20.8005432012378	23.2513856653397
Nuclear_receptors	thraa	ENSGACG00000006540	1.87591502291461	2.83275880172499	3.04793445051269
Nuclear_receptors	thrb	ENSGACG00000007996	1.53483956420287	0.971231589162854	0.783754572988978
Nuclear_receptors	vdrb	ENSGACG00000007975	7.75946668569227	9.46950799433782	8.44713261999232
Oxidative_stress	NFE2L1	ENSGACG00000003904	33.3401260890734	36.3402486278434	34.9206204187311
Oxidative_stress	bach1a	ENSGACG00000011798	11.2554901374877	13.8400501455707	12.278821643494
Oxidative_stress	bach2b	ENSGACG00000002017	3.9223677751851	4.93709391157784	3.74460518205845
Oxidative_stress	bach2b	ENSGACG00000006245	6.13935825681147	6.55581322684926	6.79253963257114
Oxidative_stress	keap1a	ENSGACG00000009976	29.3324894492103	30.5937950586299	28.3893323104896
Oxidative_stress	keap1b	ENSGACG00000019479	50.4791678893387	56.4123681372091	53.3823948046937
Oxidative_stress	maff	ENSGACG00000004545	7.58892895633639	10.5216755492643	8.88255182720842
Oxidative_stress	mafgb	ENSGACG00000019041	2.04645275227049	2.67088687019785	1.65459298742118
Oxidative_stress	mafk	ENSGACG00000014101	0.085268864677937	0.323743863054285	0.17416768288644
Oxidative_stress	nfe2	ENSGACG00000009442	1.70537729355874	2.10433510985285	0.957922255875418
Oxidative_stress	nfe2l1a	ENSGACG00000005644	3.41075458711748	3.39931056206999	2.78668292618303
Oxidative_stress	nfe2l2a	ENSGACG00000004470	47.6652953549668	47.2666040059256	44.4998429774853
Oxidative_stress	nfe2l3	ENSGACG00000007066	91.4082229347485	92.5098088677618	90.6542789423918
Oxidative_stress	nfkb1	ENSGACG00000016876	47.4947576256109	52.9321216093755	44.761094501815
Oxidative_stress	nfkb2	ENSGACG00000001323	11.8523721902332	11.2500992411364	10.4500609731864
Phase_II_transferases	AANAT	ENSGACG00000019276	0	0.0809359657635711	0.17416768288644
Phase_II_transferases	GSTM4	ENSGACG00000007655	89.8733833705456	141.476068154722	111.989820095981
Phase_II_transferases	GSTM4	ENSGACG00000007674	7.93000441504814	6.87955708990355	5.31211432803641
Phase_II_transferases	aanat1	ENSGACG00000007070	0	0	0
Phase_II_transferases	aanat2	ENSGACG00000013957	0	0.0809359657635711	0.0870838414432198
Phase_II_transferases	gsta.1	ENSGACG00000006489	23.6194755157886	21.2052230300556	22.9030502995668
Phase_II_transferases	gstk4	ENSGACG00000010408	35.13077224731	38.7683276007506	38.5781417593464
Phase_II_transferases	gstt1a	ENSGACG00000014744	68.6414360657393	67.0149796522369	70.1895762032351
Phase_II_transferases	gstz1	ENSGACG00000007752	18.1622681764006	17.2393607076407	18.5488582274058
Phase_II_transferases	mgst1.1	ENSGACG00000019267	21.4024850341622	19.2627598517299	16.7200975570982
Phase_II_transferases	mgst3a	ENSGACG00000016252	9.03849965586132	9.22670009704711	10.7983963389593
Phase_II_transferases	mgst3b	ENSGACG00000007329	101.981562154813	102.141188793627	101.801010647124
Phase_II_transferases	nat10	ENSGACG00000009849	237.729594722088	278.98627398703	269.611573108208
Phase_II_transferases	nat14	ENSGACG00000010519	3.06967912840573	1.86152721256214	2.78668292618303
Phase_II_transferases	nat15	ENSGACG00000005871	9.12376852053926	10.5216755492643	9.84047408308384
Phase_II_transferases	nat16	ENSGACG00000000758	3.75183004582923	6.15113339803141	3.48335365772879
Phase_II_transferases	nat8l	ENSGACG00000018431	3.15494799308367	2.34714300714356	2.00292835319406
Phase_II_transferases	nat9	ENSGACG00000003154	19.8676454699593	19.1818238859664	20.8130381049295
Phase_II_transferases	sult1st6	ENSGACG00000007411	1.02322637613524	0.890295623399283	1.48042530453474
Phase_II_transferases	sult1st9	ENSGACG00000002907	8.61215533247164	11.4119711726635	9.49213871731096
Phase_II_transferases	sult2st3	ENSGACG00000005973	15.4336645067066	14.7303457689699	16.4588460327685
Phase_II_transferases	sult3st1	ENSGACG00000010414	0	0	0
Phase_II_transferases	sult3st1	ENSGACG00000014547	1.27903297016906	1.05216755492642	1.3062576216483
Phase_II_transferases	sult4a1	ENSGACG00000019321	0.170537729355874	0.242807897290713	0.261251524329659
Phase_II_transferases	sult5a1	ENSGACG00000015459	3.06967912840573	4.69428601428713	2.61251524329659
Phase_II_transferases	sult6b1	ENSGACG00000011156	35.9834608940894	34.8834012440992	33.9626981628557
Phase_II_transferases	ugt1a7	ENSGACG00000007337	205.41269500915	231.638734015341	216.403345986401
Phase_II_transferases	ugt1b5	ENSGACG00000012390	76.1450961573977	98.9037501630839	84.9067454071393
Phase_II_transferases	ugt2a7	ENSGACG00000013890	2.9844102637278	1.53778334950785	2.17709603608049
Phase_II_transferases	ugt5a1	ENSGACG00000006351	1.36430183484699	1.94246317832571	0.957922255875418
Phase_II_transferases	ugt5c1	ENSGACG00000016569	8.5268864677937	11.0882273096092	9.2308871929813
Phase_II_transferases	ugt5c3	ENSGACG00000016578	57.3859459282516	70.3333542485433	58.1720060840708
Phase_II_transferases	ugt5d1	ENSGACG00000020566	0	0	0
Phase_II_transferases	ugt5e1	ENSGACG00000011442	23.6194755157886	22.0145826876914	23.0772179824532
Phase_II_transferases	ugt5f1	ENSGACG00000016579	3.15494799308367	3.15650266477927	2.26417987752371
Phase_II_transferases	ugt5g1	ENSGACG00000019954	0.170537729355874	0.161871931527142	0.17416768288644
Phase_II_transferases	ugt8	ENSGACG00000006107	7.75946668569227	5.82738953497712	8.3600487785491
Phase_II_transferases	ugt8	ENSGACG00000018024	9.97645716731863	14.4875378716792	11.6692347533915
Phase_I_oxygenases	ALDH18A1	ENSGACG00000003423	209.079256190302	209.705087293413	210.046225561046
Phase_I_oxygenases	CYP4F8	ENSGACG00000014669	5.11613188067622	5.01802987734141	5.57336585236607
Phase_I_oxygenases	PTGS1	ENSGACG00000016097	26.6038857795163	25.8995090443428	25.7768170671931
Phase_I_oxygenases	adh5	ENSGACG00000016474	35.4718477060218	34.5596573810449	39.1006448080057
Phase_I_oxygenases	adh8a	ENSGACG00000005451	2.64333480501605	1.69965528103499	0.957922255875418
Phase_I_oxygenases	aldh16a1	ENSGACG00000005952	84.6719826251914	83.9305964968233	82.2942301638427
Phase_I_oxygenases	aldh18a1	ENSGACG00000005969	5.37193847471003	3.88492635665142	5.13794664514997
Phase_I_oxygenases	aldh1a2	ENSGACG00000015825	56.0216440934046	52.0418259859762	47.9831966352141
Phase_I_oxygenases	aldh1a3	ENSGACG00000013986	9.72065057328482	11.3310352069	9.14380335153808
Phase_I_oxygenases	aldh1l1	ENSGACG00000011258	114.516085262469	128.202569769497	124.529893263804
Phase_I_oxygenases	aldh1l2	ENSGACG00000019333	4.34871209857479	3.23743863054285	3.57043749917201
Phase_I_oxygenases	aldh2.2	ENSGACG00000004015	188.273653208885	180.810947515818	190.887780443538
Phase_I_oxygenases	aldh3a1	ENSGACG00000013496	3.15494799308367	2.10433510985285	2.96085060906947
Phase_I_oxygenases	aldh3a2a	ENSGACG00000013509	62.5873466736058	64.6678366450933	67.4899771184953
Phase_I_oxygenases	aldh3a2b	ENSGACG00000020472	21.0614095754504	26.9516765992692	24.7318109698744
Phase_I_oxygenases	aldh3b1	ENSGACG00000005487	6.73624030955702	7.93172464482997	6.6183719496847
Phase_I_oxygenases	aldh3b2	ENSGACG00000009157	0.682150917423496	0.890295623399283	0.435419207216099
Phase_I_oxygenases	aldh4a1	ENSGACG00000003426	64.7190682905542	72.5186253241598	72.8020914465317
Phase_I_oxygenases	aldh5a1	ENSGACG00000002960	14.4957069952493	13.030690487935	12.5400731678236
Phase_I_oxygenases	aldh6a1	ENSGACG00000012603	83.989831707768	81.4215815581526	87.5192606504359
Phase_I_oxygenases	aldh7a1	ENSGACG00000009931	57.7270213869634	54.0652251300655	64.5291265094259
Phase_I_oxygenases	aldh8a1	ENSGACG00000011008	8.61215533247164	5.17990180886855	6.79253963257114
Phase_I_oxygenases	aldh9a1a.1	ENSGACG00000003908	64.8043371552321	47.8331557662706	67.9253963257114
Phase_I_oxygenases	aldh9a1b	ENSGACG00000016177	30.0146403666338	29.7034994352306	30.3051768222405
Phase_I_oxygenases	cyp1a	ENSGACG00000014674	106.586080847421	109.91104150693	115.908592960926
Phase_I_oxygenases	cyp1b1	ENSGACG00000003007	1.79064615823668	1.29497545221714	0.870838414432198
Phase_I_oxygenases	cyp1c1	ENSGACG00000006178	4.86032528664241	5.3417737403957	5.74753353525251
Phase_I_oxygenases	cyp1c2	ENSGACG00000006181	1.10849524081318	1.78059124679857	1.13208993876186
Phase_I_oxygenases	cyp1d1	ENSGACG00000011514	2.13172161694843	1.69965528103499	3.48335365772879
Phase_I_oxygenases	cyp2ad2	ENSGACG00000001638	10.1469948966745	11.9785229330085	11.8434024362779
Phase_I_oxygenases	cyp2j20	ENSGACG00000011790	8.35634873843783	6.71768515837641	7.31504268123046
Phase_I_oxygenases	cyp2k19	ENSGACG00000011273	0.596882052745559	0.485615794581427	0.609586890102539
Phase_I_oxygenases	cyp2k21	ENSGACG00000012012	8.44161760311576	9.30763606281068	6.18295274246861
Phase_I_oxygenases	cyp2k8	ENSGACG00000011276	2.47279707566017	2.02339914408928	1.91584451175084
Phase_I_oxygenases	cyp2n13	ENSGACG00000014535	0.937957511457307	0.809359657635711	1.48042530453474
Phase_I_oxygenases	cyp2p6	ENSGACG00000014531	1.36430183484699	0.809359657635711	1.7416768288644
Phase_I_oxygenases	cyp2r1	ENSGACG00000015638	21.9993670869077	26.8707406335056	25.341397859977
Phase_I_oxygenases	cyp2u1	ENSGACG00000017462	76.8272470748212	79.3981824140633	75.9371097384877
Phase_I_oxygenases	cyp2x6	ENSGACG00000002832	0.511613188067622	0.647487726108569	0.435419207216099
Phase_I_oxygenases	cyp2x9	ENSGACG00000013996	3.24021685776161	3.0755666990157	2.35126371896693
Phase_I_oxygenases	cyp2y3	ENSGACG00000012840	49.4559415132035	48.4806434923791	51.3794664514997
Phase_I_oxygenases	cyp3a65	ENSGACG00000016669	42.2933568802568	41.3582785051849	39.0135609665625
Phase_I_oxygenases	cyp3a65	ENSGACG00000016687	16.7979663415536	19.6674396805478	15.7621753012228
Phase_I_oxygenases	cyp3a65	ENSGACG00000016696	9.12376852053926	9.06482816551997	6.27003658391182
Phase_I_oxygenases	cyp3c3	ENSGACG00000010952	10.4880703553863	11.3310352069	9.6663064001974
Phase_I_oxygenases	cyp4t8	ENSGACG00000013953	0.255806594033811	0.161871931527142	0.17416768288644
Phase_I_oxygenases	cyp4v8	ENSGACG00000016874	6.9067780389129	6.96049305566712	6.96670731545758
Phase_I_oxygenases	fmo5	ENSGACG00000014646	1.96118388759255	2.26620704137999	2.09001219463727
Phase_I_oxygenases	ptgs1	ENSGACG00000013921	9.12376852053926	11.1691632753728	8.70838414432198
Phase_I_oxygenases	ptgs2b	ENSGACG00000007384	6.39516485084528	6.23206936379498	5.13794664514997
Phase_I_reductases	AKR1D1	ENSGACG00000018969	6.48043371552321	6.55581322684926	6.96670731545758
Phase_I_reductases	akr1a1a	ENSGACG00000009687	31.8905553895484	35.4499530044442	36.1397941989362
Phase_I_reductases	akr1a1b	ENSGACG00000003386	64.0369173731307	58.3548313155348	58.7815929741734
Phase_I_reductases	akr1b1	ENSGACG00000018891	5.28666961003209	3.88492635665142	4.78961127937709
Phase_I_reductases	akr7a3	ENSGACG00000001677	53.7193847471003	53.6605453012477	56.5174130966496
Phase_I_reductases	ephx1	ENSGACG00000004116	40.587979586698	40.6298548133127	42.5839984657345
Phase_I_reductases	ephx2	ENSGACG00000015516	2.3022593463043	1.94246317832571	2.00292835319406
Phase_I_reductases	ephx4	ENSGACG00000004290	1.6201084288808	2.02339914408928	1.65459298742118
Phase_I_reductases	ephx5	ENSGACG00000004582	257.256164733336	257.700114991211	254.807320062861
Phase_I_reductases	hsd11b1la	ENSGACG00000012884	25.2395839446694	17.7249765022221	20.1163673733838
Phase_I_reductases	hsd11b2	ENSGACG00000017514	106.074467659354	126.583850454225	109.8127240599
Phase_I_reductases	hsd17b1	ENSGACG00000008535	0.255806594033811	0.72842369187214	0.261251524329659
Phase_I_reductases	hsd17b10	ENSGACG00000010525	82.4549921435651	74.7848323655397	82.1200624809563
Phase_I_reductases	hsd17b12a	ENSGACG00000006929	12.6197919723347	14.4066019059157	12.0175701191643
Phase_I_reductases	hsd17b12b	ENSGACG00000017131	33.6812015477851	32.3743863054285	35.0077042601744
Phase_I_reductases	hsd17b14	ENSGACG00000014680	48.8590594604579	49.6137470130691	47.2865259036683
Phase_I_reductases	hsd17b3	ENSGACG00000006978	0.937957511457307	1.45684738374428	1.56750914597796
Phase_I_reductases	hsd17b4	ENSGACG00000006242	106.927156306133	128.850057495605	115.299006070823
Phase_I_reductases	hsd17b7	ENSGACG00000016134	9.46484397925101	8.01266061059354	9.92755792452706
Phase_I_reductases	hsd17b8	ENSGACG00000001856	22.9373245983651	19.0199519544392	24.2963917626583
Phase_I_reductases	hsd20b2	ENSGACG00000020397	1.53483956420287	2.10433510985285	2.61251524329659
Phase_I_reductases	hsd3b1	ENSGACG00000001425	0.170537729355874	0.0809359657635711	0.0870838414432198
Phase_I_reductases	hsd3b7	ENSGACG00000013673	11.9376410549112	11.8166510014814	9.6663064001974
Phase_I_reductases	hsdl1	ENSGACG00000006812	5.79828279809972	6.07019743226784	6.27003658391182
Phase_I_reductases	hsdl2	ENSGACG00000015440	132.081471386124	122.294244268756	133.760780456786
Phase_I_reductases	nqo1	ENSGACG00000003752	0	0.161871931527142	0.0870838414432198
Phase_I_reductases	nqo1	ENSGACG00000003762	0	0	0
Phase_I_reductases	nqo1	ENSGACG00000003764	0	0	0
Phase_I_reductases	nqo1	ENSGACG00000003776	0.170537729355874	0.242807897290713	0.0870838414432198
Phase_I_reductases	nqo1	ENSGACG00000003788	1.19376410549112	1.13310352069	1.21917378020508
