ABC_transporters	ABCC4	ENSGACG00000004126	0.205260418681059	0.112829661333319	0.167785545864313
ABC_transporters	ABCG4	ENSGACG00000005285	0	0	0.0838927729321564
ABC_transporters	abcb10	ENSGACG00000016176	31.0969534301804	23.1300805733305	26.8456873382901
ABC_transporters	abcb11a	ENSGACG00000005277	0.513151046702647	0.676977967999917	1.09060604811803
ABC_transporters	abcb11b	ENSGACG00000013935	0.102630209340529	0.338488983999958	0.167785545864313
ABC_transporters	abcb4	ENSGACG00000009299	0.205260418681059	0.676977967999917	0.755034956389408
ABC_transporters	abcb6a	ENSGACG00000015126	32.3285159422667	28.2074153333299	37.3322839548096
ABC_transporters	abcb6b	ENSGACG00000008399	0.205260418681059	0.112829661333319	0.419463864660782
ABC_transporters	abcb7	ENSGACG00000018231	169.442475621214	175.337293711979	174.329182153021
ABC_transporters	abcb8	ENSGACG00000017977	12.3156251208635	10.4931585039987	11.5772026646376
ABC_transporters	abcb9	ENSGACG00000005204	1.84734376812953	2.03093390399975	2.26510486916822
ABC_transporters	abcc1	ENSGACG00000000434	88.6725008702173	89.699580759989	90.3525164479325
ABC_transporters	abcc10	ENSGACG00000019810	15.3945314010794	20.3093390399975	19.7148016390568
ABC_transporters	abcc12	ENSGACG00000014858	0.923671884064764	1.91810424266643	1.51006991277882
ABC_transporters	abcc2	ENSGACG00000007419	7.79989590988023	4.28752713066614	6.45974351577604
ABC_transporters	abcc3	ENSGACG00000005901	37.8705472466553	30.2383492373296	34.8155007668449
ABC_transporters	abcc4	ENSGACG00000013989	105.914376039426	116.665869818652	102.013611885502
ABC_transporters	abcc4	ENSGACG00000013999	36.4337243158879	30.2383492373296	36.8289273172167
ABC_transporters	abcc6a	ENSGACG00000019172	0.615781256043176	0.789807629333236	0.587249410525095
ABC_transporters	abcc8	ENSGACG00000011021	0	0.338488983999958	0.167785545864313
ABC_transporters	abcc9	ENSGACG00000001102	1.64208334944847	1.57961525866647	2.18121209623607
ABC_transporters	abcg2a	ENSGACG00000018590	0	0	0
ABC_transporters	abcg2b	ENSGACG00000016636	1.84734376812953	1.91810424266643	2.34899764210038
ABC_transporters	abcg2d	ENSGACG00000017328	0.307890628021588	0.451318645333278	0.251678318796469
ABC_transporters	abcg4a	ENSGACG00000020409	0	0	0
ABC_transporters	abcg5	ENSGACG00000010653	0.615781256043176	0.451318645333278	0.335571091728626
ABC_transporters	abcg8	ENSGACG00000010667	0.102630209340529	0	0.419463864660782
Antioxidants	GPX2	ENSGACG00000005976	0	0.225659322666639	0.167785545864313
Antioxidants	PRDX6	ENSGACG00000016284	1.744713558789	1.91810424266643	0.922820502253721
Antioxidants	cat	ENSGACG00000003491	94.5224228026275	85.5248832906562	93.7082273652187
Antioxidants	gclc	ENSGACG00000006384	120.590495975122	118.809633383985	115.772026646376
Antioxidants	gclm	ENSGACG00000011182	75.9463549119917	71.9853239306578	68.7920738043683
Antioxidants	gpx1a	ENSGACG00000010455	0.102630209340529	0.676977967999917	0.838927729321564
Antioxidants	gpx1b	ENSGACG00000000882	7.79989590988023	5.86714238933261	6.79531460750467
Antioxidants	gpx3	ENSGACG00000018379	0.410520837362117	0.564148306666597	0.587249410525095
Antioxidants	gpx4a	ENSGACG00000013272	70.0964329795815	63.6359289919922	70.0504653983506
Antioxidants	gpx4b	ENSGACG00000015373	215.523439615112	192.03608358931	216.946710802557
Antioxidants	gpx7	ENSGACG00000005246	0.410520837362117	1.12829661333319	0.335571091728626
Antioxidants	gpx8	ENSGACG00000004723	13.8550782609715	13.9908780053316	12.4161303939592
Antioxidants	gpx9	ENSGACG00000002427	0.718411465383705	0.451318645333278	0.419463864660782
Antioxidants	gsr	ENSGACG00000017557	44.8494014818113	37.5722772239954	42.7014214224676
Antioxidants	gss	ENSGACG00000004127	3.69468753625906	3.83620848533286	4.27853141953998
Antioxidants	nme8	ENSGACG00000006066	1.64208334944847	1.91810424266643	1.76174823157529
Antioxidants	prdx1	ENSGACG00000016172	14.6761199356957	16.585960215998	12.7517014856878
Antioxidants	prdx2	ENSGACG00000019097	68.6596100488141	73.113620543991	75.6712811848051
Antioxidants	prdx3	ENSGACG00000003133	5.13151046702647	4.6260161146661	5.45303024059017
Antioxidants	prdx4	ENSGACG00000020678	52.34140676367	43.8907382586613	49.8323071217009
Antioxidants	prdx5	ENSGACG00000020286	33.354818035672	32.494942463996	30.9564332119657
Antioxidants	prdx6	ENSGACG00000014613	85.3883341713204	82.0271637893233	77.4330294163804
Antioxidants	sod1	ENSGACG00000020581	14.6761199356957	14.1037076666649	14.5134497172631
Antioxidants	sod2	ENSGACG00000009000	5.13151046702647	4.28752713066614	4.19463864660782
Antioxidants	sod3b	ENSGACG00000017840	2.87364586153482	4.73884577599942	4.44631696540429
Antioxidants	txn	ENSGACG00000019142	136.395548213563	127.271857983984	127.768693175674
Antioxidants	txn2	ENSGACG00000006081	43.5152087603844	37.6851068853287	35.906106814963
Antioxidants	txnl1	ENSGACG00000000637	203.61833533161	210.427318386641	193.960091019146
Antioxidants	txnl4a	ENSGACG00000008476	104.888073946021	105.72139266932	113.087457912547
HLH-PAS	ahr1b	ENSGACG00000008458	1.02630209340529	1.46678559733315	0.922820502253721
HLH-PAS	ahr1b	ENSGACG00000015615	0.205260418681059	0.112829661333319	0.335571091728626
HLH-PAS	ahr2	ENSGACG00000015617	0.923671884064764	0.789807629333236	0.838927729321564
HLH-PAS	ahrrb	ENSGACG00000001925	0.205260418681059	0.338488983999958	0
HLH-PAS	arnt	ENSGACG00000011686	60.1413026735502	64.6513959439921	67.3658966645216
HLH-PAS	arnt2	ENSGACG00000013947	7.49200528185864	9.92901019733211	8.05370620148702
HLH-PAS	arntl1a	ENSGACG00000002445	27.7101565219429	24.709695831997	25.1678318796469
HLH-PAS	arntl2	ENSGACG00000019208	6.56833339779388	6.20563137333257	7.04699292630114
HLH-PAS	clockb	ENSGACG00000015939	5.74729172306964	4.96450509866606	6.5436362887082
HLH-PAS	hif1ab	ENSGACG00000008525	21.4497137521706	18.0527458133311	17.6174823157528
HLH-PAS	hif1al	ENSGACG00000013185	183.194923672845	171.726744549312	183.725172721423
HLH-PAS	hif1an	ENSGACG00000008460	13.2392970049283	12.5240924079985	12.2483448480948
HLH-PAS	ncoa1	ENSGACG00000006727	10.673541771415	10.7188178266654	10.8221677082482
HLH-PAS	ncoa2	ENSGACG00000002822	54.7019015785021	51.4503255679937	50.5034493051582
HLH-PAS	ncoa2	ENSGACG00000017565	38.383698293358	33.8488983999958	33.1376453082018
HLH-PAS	ncoa3	ENSGACG00000010036	139.371824284439	141.149906327983	140.43650188843
HLH-PAS	ncoa3	ENSGACG00000015221	14.5734897263552	14.1037076666649	17.1141256781599
HLH-PAS	ncoa4	ENSGACG00000012317	281.719924639753	281.510005026632	276.678365130252
HLH-PAS	ncoa5	ENSGACG00000005473	141.732319099271	137.877846149316	147.147923723002
HLH-PAS	ncoa6	ENSGACG00000001600	156.203178616286	153.786828397314	156.040557653811
HLH-PAS	npas1	ENSGACG00000009494	0.718411465383705	0.676977967999917	0.503356637592939
HLH-PAS	npas2	ENSGACG00000020338	0.205260418681059	0.112829661333319	0.503356637592939
HLH-PAS	npas4a	ENSGACG00000017076	0	0	0
HLH-PAS	npas4l	ENSGACG00000004135	1.64208334944847	2.03093390399975	2.09731932330391
HLH-PAS	per1b	ENSGACG00000019308	2.15523439615112	2.03093390399975	2.26510486916822
HLH-PAS	per2	ENSGACG00000005662	0.923671884064764	1.01546695199988	0.587249410525095
HLH-PAS	per2	ENSGACG00000013485	5.43940109504805	8.6878839226656	7.04699292630114
HLH-PAS	sim1a	ENSGACG00000014149	4.72098962966435	2.59508221066635	3.2718181443541
HLH-PAS	sim1a	ENSGACG00000020158	4.82361983900488	4.28752713066614	4.44631696540429
HLH-PAS	sim1b	ENSGACG00000009479	2.56575523351323	2.93357119466631	2.60067596089685
Heat_response	CLPB	ENSGACG00000007783	2.05260418681059	1.12829661333319	1.67785545864313
Heat_response	DNAJA4	ENSGACG00000010346	74.6121621905648	79.093592594657	83.2216307486992
Heat_response	DNAJB5	ENSGACG00000009733	0.307890628021588	0	0.167785545864313
Heat_response	DNAJC13	ENSGACG00000004764	61.7833860229987	72.5494722373244	72.2316774945867
Heat_response	DNAJC7	ENSGACG00000006213	219.320757360711	232.654761669305	228.607806240126
Heat_response	HSF1	ENSGACG00000010434	70.8148444449652	78.4166146266571	76.9296727787874
Heat_response	HSF2	ENSGACG00000004065	29.5575002900724	28.6587339786632	26.7617945653579
Heat_response	HSPA2	ENSGACG00000013046	0.102630209340529	0	0
Heat_response	HSPA2	ENSGACG00000013048	0	0	0.0838927729321564
Heat_response	HSPA2	ENSGACG00000013051	0	0	0
Heat_response	clpxb	ENSGACG00000005974	284.901461129309	220.24349892264	261.997129867124
Heat_response	cryaa	ENSGACG00000015336	0	0	0.251678318796469
Heat_response	cryaba	ENSGACG00000020643	0.102630209340529	0.112829661333319	0.0838927729321564
Heat_response	dnaja1	ENSGACG00000017879	113.714271949306	123.322819837318	116.862632694494
Heat_response	dnaja2a	ENSGACG00000014888	487.082973530152	468.468753855943	490.437150561386
Heat_response	dnaja2b	ENSGACG00000012845	136.190287794882	138.780483439983	138.339182565126
Heat_response	dnaja3a	ENSGACG00000011295	25.1444012884297	24.4840365093303	25.6711885172399
Heat_response	dnaja3b	ENSGACG00000019868	33.2521878263315	32.6077721253293	35.0671790856414
Heat_response	dnajb11	ENSGACG00000009047	16.2155730758036	13.426729698665	13.3389508962129
Heat_response	dnajb12a	ENSGACG00000008528	83.3357299845098	78.9807629333236	86.6612344389176
Heat_response	dnajb12b	ENSGACG00000002386	1.33419272142688	1.24112627466651	0.419463864660782
Heat_response	dnajb13	ENSGACG00000020355	1.53945314010794	1.35395593599983	1.59396268571097
Heat_response	dnajb14	ENSGACG00000017429	46.7993754592814	46.4858204693276	48.3222372089221
Heat_response	dnajb1a	ENSGACG00000010423	1.12893230274582	2.03093390399975	1.25839159398235
Heat_response	dnajb1b	ENSGACG00000018800	19.9102606120627	19.9708500559976	22.3154775999536
Heat_response	dnajb2	ENSGACG00000006408	6.15781256043176	5.75431272799929	5.62081578645448
Heat_response	dnajb4	ENSGACG00000016570	0.615781256043176	1.91810424266643	1.51006991277882
Heat_response	dnajb5	ENSGACG00000016157	0.307890628021588	0.338488983999958	0.251678318796469
Heat_response	dnajb6a	ENSGACG00000014834	76.6647663773754	78.0781256426571	83.5572018404278
Heat_response	dnajb6b	ENSGACG00000003949	10.2630209340529	8.57505426133228	9.73156166013015
Heat_response	dnajb9a	ENSGACG00000004142	11.1866928181177	9.2520322293322	8.72484838494427
Heat_response	dnajb9b	ENSGACG00000018888	14.162968888993	10.1546695199988	13.5067364420772
Heat_response	dnajc1	ENSGACG00000002524	79.2305216108886	75.934362077324	74.9162462284157
Heat_response	dnajc10	ENSGACG00000008189	35.7153128505042	33.5104094159959	32.5503958976767
Heat_response	dnajc11a	ENSGACG00000012391	190.686928954703	195.195314106643	194.547340429671
Heat_response	dnajc11b	ENSGACG00000007927	10.7761719807556	12.1856034239985	12.1644520751627
Heat_response	dnajc12	ENSGACG00000003415	0.307890628021588	0.676977967999917	0.838927729321564
Heat_response	dnajc15	ENSGACG00000002107	16.6260939131658	15.2320042799981	14.5973424901952
Heat_response	dnajc16	ENSGACG00000005593	1.53945314010794	1.24112627466651	1.51006991277882
Heat_response	dnajc16l	ENSGACG00000007720	19.7050001933816	17.4885975066645	21.0570860059713
Heat_response	dnajc17	ENSGACG00000006184	20.2181512400843	20.3093390399975	20.4698365954462
Heat_response	dnajc18	ENSGACG00000020659	3.89994795494011	4.28752713066614	4.36242419247213
Heat_response	dnajc19	ENSGACG00000006076	64.759662093874	58.3329349093262	59.8155471006275
Heat_response	dnajc2	ENSGACG00000019413	388.557972563244	388.359694309286	389.514144724002
Heat_response	dnajc21	ENSGACG00000016480	86.2093758460446	90.4893883893222	93.1209779546936
Heat_response	dnajc22	ENSGACG00000009104	0.102630209340529	0.112829661333319	0
Heat_response	dnajc24	ENSGACG00000002495	26.5812242191971	25.6123331226635	28.1040789322724
Heat_response	dnajc25	ENSGACG00000018282	130.237735653132	134.26729698665	133.221723416264
Heat_response	dnajc27	ENSGACG00000015457	13.6498178422904	13.2010703759984	14.2617713984666
Heat_response	dnajc28	ENSGACG00000012360	0.307890628021588	0.676977967999917	0.671142183457251
Heat_response	dnajc30b	ENSGACG00000009948	2.66838544285376	3.04640085599963	2.26510486916822
Heat_response	dnajc3a	ENSGACG00000004166	9.85250009669081	10.7188178266654	12.5000231668913
Heat_response	dnajc3b	ENSGACG00000019265	19.191849146679	11.7342847786652	14.1778786255344
Heat_response	dnajc4	ENSGACG00000017001	3.79731774559959	3.15923051733295	2.68456873382901
Heat_response	dnajc5aa	ENSGACG00000011986	0.821041674724235	0.451318645333278	0.503356637592939
Heat_response	dnajc5ab	ENSGACG00000010366	12.212994911523	10.2674991813321	10.4865966165196
Heat_response	dnajc5b	ENSGACG00000001527	0	0	0
Heat_response	dnajc5ga	ENSGACG00000006091	3.07890628021588	3.83620848533286	2.85235427969332
Heat_response	dnajc5gb	ENSGACG00000011704	18.6786980999763	18.729723781331	17.3658039969564
Heat_response	dnajc6	ENSGACG00000007183	2.87364586153482	2.93357119466631	3.10403259848979
Heat_response	dnajc7	ENSGACG00000008768	4.51572921098329	3.38488983999958	4.53020973833645
Heat_response	dnajc8	ENSGACG00000003220	132.187709630602	142.278202941316	140.604287434294
Heat_response	dnajc9	ENSGACG00000010267	10.2630209340529	12.6369220693318	11.5772026646376
Heat_response	hsbp1a	ENSGACG00000013784	132.495600258623	130.431088501317	130.956618547096
Heat_response	hsf2bp	ENSGACG00000015333	1.02630209340529	1.12829661333319	0.755034956389408
Heat_response	hsf4	ENSGACG00000013994	0	0	0
Heat_response	hsp70.3	ENSGACG00000007903	0	0.112829661333319	0
Heat_response	hsp90aa1.1	ENSGACG00000012875	4.31046879230223	4.96450509866606	5.28524469472586
Heat_response	hsp90aa1.2	ENSGACG00000012888	5.64466151372911	8.46222459999896	5.95638687818311
Heat_response	hsp90ab1	ENSGACG00000013530	5995.65682967372	6213.41661996457	6077.02468565955
Heat_response	hsp90b1	ENSGACG00000010067	482.156723481807	464.068397063943	456.963934161456
Heat_response	hspa12a	ENSGACG00000014625	21.7576043801922	20.1965093786642	20.2181582766497
Heat_response	hspa12b	ENSGACG00000019861	1.02630209340529	0.902637290666556	1.17449882105019
Heat_response	hspa13	ENSGACG00000006344	22.4760158455759	19.8580203946642	21.7282281894285
Heat_response	hspa14	ENSGACG00000019293	290.032971596336	309.378931375962	285.319320742264
Heat_response	hspa4a	ENSGACG00000020732	143.271772239379	153.335509751981	144.211676670377
Heat_response	hspa4b	ENSGACG00000018188	342.887529406708	364.665465429289	360.571138062408
Heat_response	hspa4l	ENSGACG00000008210	0.307890628021588	0	0.503356637592939
Heat_response	hspa5	ENSGACG00000016633	323.593050050689	309.717420359962	302.013982555763
Heat_response	hspa8	ENSGACG00000020117	1098.75902119971	1182.22919145052	1096.56243499622
Heat_response	hspa9	ENSGACG00000019542	322.258857329262	342.099533162625	336.91337609554
Heat_response	hspb1	ENSGACG00000020233	0.205260418681059	0.225659322666639	0
Heat_response	hspb11	ENSGACG00000017815	0	0	0
Heat_response	hspb6	ENSGACG00000007622	2.05260418681059	3.27206017866627	0.838927729321564
Heat_response	hspb7	ENSGACG00000005290	0	0.338488983999958	0.0838927729321564
Heat_response	hspb8	ENSGACG00000014260	17.1392449598684	15.5704932639981	19.2114450014638
Heat_response	hspb9	ENSGACG00000005313	0.102630209340529	0.338488983999958	0.0838927729321564
Heat_response	hspd1	ENSGACG00000008860	324.927242772116	315.246073765295	339.597944829369
Heat_response	hspe1	ENSGACG00000008995	66.4017454433225	69.2774120586582	68.7081810314361
Heat_response	serpinh1b	ENSGACG00000006375	39.1021097587417	35.4285136586623	41.5269226014174
Ion_transporters	SLC22A17	ENSGACG00000002158	2.87364586153482	2.03093390399975	2.93624705262547
Ion_transporters	SLC22A7	ENSGACG00000011422	0	0	0
Ion_transporters	SLC30A6	ENSGACG00000011191	19.6023699840411	17.2629381839979	18.0369461804136
Ion_transporters	SLC39A11	ENSGACG00000005456	16.6260939131658	13.6523890213317	14.4295569443309
Ion_transporters	SLC39A12	ENSGACG00000004075	0	0	0
Ion_transporters	SLC39A3	ENSGACG00000003277	9.54460946866923	8.23656527733232	8.13759897441917
Ion_transporters	SLCO3A1	ENSGACG00000014835	0	0.112829661333319	0
Ion_transporters	slc22a13a	ENSGACG00000012667	0.307890628021588	0.225659322666639	0.671142183457251
Ion_transporters	slc22a13b	ENSGACG00000003553	0.102630209340529	0.112829661333319	0.0838927729321564
Ion_transporters	slc22a15	ENSGACG00000011099	9.64723967800976	7.67241697066573	9.8154544330623
Ion_transporters	slc22a16	ENSGACG00000011584	0	0	0
Ion_transporters	slc22a18	ENSGACG00000017056	2.77101565219429	2.36942288799971	2.60067596089685
Ion_transporters	slc22a2	ENSGACG00000005916	0	0	0.0838927729321564
Ion_transporters	slc22a2	ENSGACG00000005924	0.923671884064764	1.12829661333319	0.587249410525095
Ion_transporters	slc22a23	ENSGACG00000013105	18.0629168439332	16.0218119093314	17.701375088685
Ion_transporters	slc22a31	ENSGACG00000015452	3.18153648955641	2.59508221066635	2.68456873382901
Ion_transporters	slc22a4	ENSGACG00000020875	0	0	0.0838927729321564
Ion_transporters	slc22a5	ENSGACG00000020873	0	0.112829661333319	0
Ion_transporters	slc22a6l	ENSGACG00000020653	26.2733335911755	20.8734873466641	21.3926570976999
Ion_transporters	slc22a7b.3	ENSGACG00000017814	0.307890628021588	0.225659322666639	0.335571091728626
Ion_transporters	slc30a1a	ENSGACG00000009913	137.524480516309	126.707709677318	131.376082411757
Ion_transporters	slc30a2	ENSGACG00000012152	0.205260418681059	0	0.167785545864313
Ion_transporters	slc30a4	ENSGACG00000016836	17.2418751692089	13.9908780053316	14.5134497172631
Ion_transporters	slc30a5	ENSGACG00000017973	50.801953623562	50.8861772613271	49.8323071217009
Ion_transporters	slc30a7	ENSGACG00000013532	71.73851632903	64.5385662826587	67.1981111186573
Ion_transporters	slc30a8	ENSGACG00000002999	28.6338284060077	24.2583771866637	28.8591138886618
Ion_transporters	slc30a9	ENSGACG00000017554	34.1758597103963	32.6077721253293	34.312144129252
Ion_transporters	slc31a1	ENSGACG00000015467	19.6023699840411	18.8425534426644	18.8758739097352
Ion_transporters	slc31a2	ENSGACG00000018095	17.0366147505279	15.5704932639981	17.1980184510921
Ion_transporters	slc39a1	ENSGACG00000016873	46.7993754592814	39.7160407893285	45.4698829292288
Ion_transporters	slc39a10	ENSGACG00000002320	291.469794527103	260.072369373301	264.010556417496
Ion_transporters	slc39a13	ENSGACG00000015530	17.8576564252521	17.3757678453312	17.7852678616172
Ion_transporters	slc39a14	ENSGACG00000014341	5.13151046702647	5.52865340533265	5.53692301352232
Ion_transporters	slc39a6	ENSGACG00000015789	21.141823124149	22.0017839599973	21.8121209623607
Ion_transporters	slc39a8	ENSGACG00000004978	63.9386204191498	68.9389230746582	70.0504653983506
Ion_transporters	slc39a9	ENSGACG00000012404	18.9865887279979	19.1810424266643	21.6443354164964
Ion_transporters	slc47a1	ENSGACG00000020613	0.102630209340529	0.676977967999917	0.587249410525095
Ion_transporters	slc47a1	ENSGACG00000020614	2.77101565219429	1.01546695199988	2.76846150676116
Ion_transporters	slc47a1	ENSGACG00000020615	5.02888025768594	3.83620848533286	5.95638687818311
Ion_transporters	slc47a2.1	ENSGACG00000020612	0	0	0
Ion_transporters	slc47a3	ENSGACG00000010917	7.49200528185864	5.97997205066593	6.79531460750467
Ion_transporters	slc47a4	ENSGACG00000010927	0.102630209340529	0	0
Ion_transporters	slco1c1	ENSGACG00000008749	0.821041674724235	0.225659322666639	0.587249410525095
Ion_transporters	slco1d1	ENSGACG00000019066	246.004611789249	197.113418349309	234.312514799513
Ion_transporters	slco2a1	ENSGACG00000003718	0.821041674724235	0.112829661333319	0.838927729321564
Ion_transporters	slco2b1	ENSGACG00000001880	0	0.451318645333278	0.167785545864313
Ion_transporters	slco3a1	ENSGACG00000010749	3.59205732691853	2.82074153333299	4.27853141953998
Ion_transporters	slco4a1	ENSGACG00000004451	0.307890628021588	0.225659322666639	0.671142183457251
Ion_transporters	slco5a1a	ENSGACG00000002831	5.74729172306964	5.30299408266602	6.96310015336898
Metal_response	cp	ENSGACG00000006285	0.307890628021588	0.112829661333319	0.419463864660782
Metal_response	fth1b	ENSGACG00000015484	1171.62646983148	1200.05627794119	1127.51886820818
Metal_response	fthl27	ENSGACG00000005970	56.7545057653127	55.5121933759932	27.2651512029508
Metal_response	hmox1a	ENSGACG00000006771	0	0	0
Metal_response	hmox1a	ENSGACG00000019469	26.4785940098566	28.5459043173298	27.0973656570865
Metal_response	hmox2b	ENSGACG00000011292	38.1784378746769	41.4084857093283	42.7853141953998
Metal_response	tfa	ENSGACG00000013533	8.31304695658288	8.01090595466568	8.4731700661478
Nuclear_receptors	NR3C1	ENSGACG00000020725	1.02630209340529	0.338488983999958	0.755034956389408
Nuclear_receptors	PPARG	ENSGACG00000001665	9.13408863130711	8.91354324533224	8.4731700661478
Nuclear_receptors	VDR	ENSGACG00000004763	3.59205732691853	2.25659322666639	3.52349646315057
Nuclear_receptors	ar	ENSGACG00000020332	1.12893230274582	0.902637290666556	0.587249410525095
Nuclear_receptors	esr1	ENSGACG00000008711	0.205260418681059	0.338488983999958	0.251678318796469
Nuclear_receptors	esr2a	ENSGACG00000007514	6.15781256043176	6.88260934133249	6.29195796991173
Nuclear_receptors	esr2b	ENSGACG00000000213	0	0	0.0838927729321564
Nuclear_receptors	esrra	ENSGACG00000020287	17.0366147505279	15.908982247998	16.610769040567
Nuclear_receptors	esrrb	ENSGACG00000007542	1.43682293076741	1.80527458133311	2.51678318796469
Nuclear_receptors	esrrb	ENSGACG00000010561	0.410520837362117	0.225659322666639	0.503356637592939
Nuclear_receptors	esrrga	ENSGACG00000016275	0.307890628021588	0.338488983999958	0.167785545864313
Nuclear_receptors	esrrgb	ENSGACG00000013426	2.4631250241727	0.789807629333236	2.01342655037175
Nuclear_receptors	hnf4a	ENSGACG00000011485	170.468777714619	145.211774135982	155.285522697422
Nuclear_receptors	hnf4g	ENSGACG00000002422	0	0	0
Nuclear_receptors	nr1h3	ENSGACG00000017167	10.7761719807556	11.7342847786652	12.5839159398235
Nuclear_receptors	nr1h4	ENSGACG00000011745	0	0	0
Nuclear_receptors	nr1h5	ENSGACG00000004938	0.307890628021588	0.112829661333319	0.419463864660782
Nuclear_receptors	nr3c1	ENSGACG00000018209	8.31304695658288	7.44675764799909	6.79531460750467
Nuclear_receptors	nr3c2	ENSGACG00000017193	0.102630209340529	0.338488983999958	0
Nuclear_receptors	pgr	ENSGACG00000012162	0.821041674724235	0.564148306666597	1.00671327518588
Nuclear_receptors	pparaa	ENSGACG00000018958	14.0603386796525	15.4576636026648	14.7651280360595
Nuclear_receptors	pparab	ENSGACG00000003703	15.5997918197605	10.3803288426654	14.8490208089917
Nuclear_receptors	ppardb	ENSGACG00000008288	18.9865887279979	19.1810424266643	22.3154775999536
Nuclear_receptors	ppargc1a	ENSGACG00000019546	12.7261459582256	8.91354324533224	12.2483448480948
Nuclear_receptors	rarab	ENSGACG00000005297	15.0866407730578	12.2984330853318	13.8423075338058
Nuclear_receptors	rarga	ENSGACG00000009372	16.2155730758036	14.2165373279983	13.5067364420772
Nuclear_receptors	rarga	ENSGACG00000012955	0.102630209340529	0.112829661333319	0.0838927729321564
Nuclear_receptors	rargb	ENSGACG00000000612	64.759662093874	63.7487586533255	61.0739386946099
Nuclear_receptors	rargb	ENSGACG00000007999	0	0	0
Nuclear_receptors	rxraa	ENSGACG00000018189	1.94997397747006	2.70791187199967	2.51678318796469
Nuclear_receptors	rxrba	ENSGACG00000000096	15.2919011917389	15.1191746186648	14.0939858526023
Nuclear_receptors	rxrbb	ENSGACG00000007982	168.210913109128	165.069794530646	165.772119313941
Nuclear_receptors	rxrgb	ENSGACG00000011685	11.5972136554798	11.9599441013319	11.9127737563662
Nuclear_receptors	thraa	ENSGACG00000006540	3.489427117578	3.94903814666618	3.77517478194704
Nuclear_receptors	thrb	ENSGACG00000007996	0.205260418681059	0.338488983999958	0.167785545864313
Nuclear_receptors	vdrb	ENSGACG00000007975	5.74729172306964	5.07733475999938	7.04699292630114
Oxidative_stress	NFE2L1	ENSGACG00000003904	9.33934904998817	6.88260934133249	8.72484838494427
Oxidative_stress	bach1a	ENSGACG00000011798	6.46570318845335	8.01090595466568	7.29867124509761
Oxidative_stress	bach2b	ENSGACG00000002017	1.84734376812953	1.46678559733315	1.59396268571097
Oxidative_stress	bach2b	ENSGACG00000006245	2.15523439615112	3.04640085599963	1.59396268571097
Oxidative_stress	keap1a	ENSGACG00000009976	21.4497137521706	17.1501085226646	17.2819112240242
Oxidative_stress	keap1b	ENSGACG00000019479	91.5461467317522	78.1909553039904	81.3759897441917
Oxidative_stress	maff	ENSGACG00000004545	6.36307297911282	6.54412035733253	6.20806519697958
Oxidative_stress	mafgb	ENSGACG00000019041	1.12893230274582	2.59508221066635	2.34899764210038
Oxidative_stress	mafk	ENSGACG00000014101	0.513151046702647	0.225659322666639	0.419463864660782
Oxidative_stress	nfe2	ENSGACG00000009442	0.102630209340529	0.225659322666639	0.167785545864313
Oxidative_stress	nfe2l1a	ENSGACG00000005644	1.02630209340529	0.902637290666556	1.3422843669145
Oxidative_stress	nfe2l2a	ENSGACG00000004470	48.9546098554325	40.0545297733284	47.0638456149398
Oxidative_stress	nfe2l3	ENSGACG00000007066	43.617838969725	45.5831831786611	48.825593846515
Oxidative_stress	nfkb1	ENSGACG00000016876	31.8153648955641	32.9462611093293	32.3826103518124
Oxidative_stress	nfkb2	ENSGACG00000001323	3.79731774559959	3.83620848533286	4.11074587367566
Phase_II_transferases	AANAT	ENSGACG00000019276	0.102630209340529	0.112829661333319	0.167785545864313
Phase_II_transferases	GSTM4	ENSGACG00000007655	63.1175787444255	54.9480450693266	67.030325572793
Phase_II_transferases	GSTM4	ENSGACG00000007674	1.64208334944847	1.69244491999979	1.76174823157529
Phase_II_transferases	aanat1	ENSGACG00000007070	1.23156251208635	1.12829661333319	0.755034956389408
Phase_II_transferases	aanat2	ENSGACG00000013957	0.102630209340529	0.338488983999958	0.503356637592939
Phase_II_transferases	gsta.1	ENSGACG00000006489	31.610104476883	34.0745577226625	30.7047548931693
Phase_II_transferases	gstk4	ENSGACG00000010408	11.0840626087772	12.1856034239985	15.3523774465846
Phase_II_transferases	gstt1a	ENSGACG00000014744	12.212994911523	9.70335087466548	10.5704893894517
Phase_II_transferases	gstz1	ENSGACG00000007752	1.64208334944847	0.789807629333236	2.09731932330391
Phase_II_transferases	mgst1.1	ENSGACG00000019267	4.61835942032382	3.38488983999958	3.94296032781135
Phase_II_transferases	mgst3a	ENSGACG00000016252	76.0489851213322	69.9543900266581	76.0907450494659
Phase_II_transferases	mgst3b	ENSGACG00000007329	28.0180471499645	23.5813992186638	26.6779017924257
Phase_II_transferases	nat10	ENSGACG00000009849	742.837455206751	718.160794386579	719.967777303766
Phase_II_transferases	nat14	ENSGACG00000010519	1.23156251208635	0.564148306666597	1.51006991277882
Phase_II_transferases	nat15	ENSGACG00000005871	5.84992193241017	6.54412035733253	6.62752906164036
Phase_II_transferases	nat16	ENSGACG00000000758	0.615781256043176	0.451318645333278	0.671142183457251
Phase_II_transferases	nat8l	ENSGACG00000018431	1.84734376812953	0.564148306666597	1.51006991277882
Phase_II_transferases	nat9	ENSGACG00000003154	14.162968888993	15.4576636026648	15.4362702195168
Phase_II_transferases	sult1st6	ENSGACG00000007411	0	0	0
Phase_II_transferases	sult1st9	ENSGACG00000002907	0.205260418681059	0.225659322666639	0.335571091728626
Phase_II_transferases	sult2st3	ENSGACG00000005973	5.84992193241017	6.99543900266581	7.55034956389408
Phase_II_transferases	sult3st1	ENSGACG00000010414	0	0	0
Phase_II_transferases	sult3st1	ENSGACG00000014547	1.23156251208635	0.225659322666639	0.838927729321564
Phase_II_transferases	sult4a1	ENSGACG00000019321	0	0	0
Phase_II_transferases	sult5a1	ENSGACG00000015459	0	0	0
Phase_II_transferases	sult6b1	ENSGACG00000011156	9.64723967800976	8.34939493866564	8.4731700661478
Phase_II_transferases	ugt1a7	ENSGACG00000007337	8.31304695658288	13.765218682665	11.5772026646376
Phase_II_transferases	ugt1b5	ENSGACG00000012390	16.1129428664631	12.1856034239985	18.1208389533458
Phase_II_transferases	ugt2a7	ENSGACG00000013890	1.744713558789	2.03093390399975	2.09731932330391
Phase_II_transferases	ugt5a1	ENSGACG00000006351	0.410520837362117	0.338488983999958	0.251678318796469
Phase_II_transferases	ugt5c1	ENSGACG00000016569	0.513151046702647	0.676977967999917	0.503356637592939
Phase_II_transferases	ugt5c3	ENSGACG00000016578	3.07890628021588	2.14376356533307	3.02013982555763
Phase_II_transferases	ugt5d1	ENSGACG00000020566	0	0	0
Phase_II_transferases	ugt5e1	ENSGACG00000011442	0	0.112829661333319	0
Phase_II_transferases	ugt5f1	ENSGACG00000016579	0.821041674724235	0.789807629333236	0.335571091728626
Phase_II_transferases	ugt5g1	ENSGACG00000019954	0.410520837362117	0.451318645333278	0.335571091728626
Phase_II_transferases	ugt8	ENSGACG00000006107	0.205260418681059	0.564148306666597	0.838927729321564
Phase_II_transferases	ugt8	ENSGACG00000018024	1.64208334944847	0.564148306666597	0.922820502253721
Phase_I_oxygenases	ALDH18A1	ENSGACG00000003423	116.690548020182	134.492956309317	136.745219879415
Phase_I_oxygenases	CYP4F8	ENSGACG00000014669	0	0.225659322666639	0.0838927729321564
Phase_I_oxygenases	PTGS1	ENSGACG00000016097	38.383698293358	28.7715636399965	37.7517478194704
Phase_I_oxygenases	adh5	ENSGACG00000016474	23.0917971016191	21.0991466693307	21.3087643247677
Phase_I_oxygenases	adh8a	ENSGACG00000005451	0.923671884064764	1.24112627466651	1.17449882105019
Phase_I_oxygenases	aldh16a1	ENSGACG00000005952	11.8024740741609	11.2829661333319	14.0100930796701
Phase_I_oxygenases	aldh18a1	ENSGACG00000005969	9.54460946866923	8.6878839226656	11.0738460270446
Phase_I_oxygenases	aldh1a2	ENSGACG00000015825	274.125289148554	281.397175365299	274.581045806948
Phase_I_oxygenases	aldh1a3	ENSGACG00000013986	1.64208334944847	2.03093390399975	2.85235427969332
Phase_I_oxygenases	aldh1l1	ENSGACG00000011258	16.7287241225063	15.908982247998	14.5134497172631
Phase_I_oxygenases	aldh1l2	ENSGACG00000019333	0.102630209340529	0.112829661333319	0.167785545864313
Phase_I_oxygenases	aldh2.2	ENSGACG00000004015	99.859193688335	87.6686468559893	89.3458031727466
Phase_I_oxygenases	aldh3a1	ENSGACG00000013496	0	0.112829661333319	0
Phase_I_oxygenases	aldh3a2a	ENSGACG00000013509	37.4600264092932	40.7315077413283	38.2551044570633
Phase_I_oxygenases	aldh3a2b	ENSGACG00000020472	15.2919011917389	13.0882407146651	13.6745219879415
Phase_I_oxygenases	aldh3b1	ENSGACG00000005487	20.0128908214032	17.1501085226646	16.2751979488383
Phase_I_oxygenases	aldh3b2	ENSGACG00000009157	1.33419272142688	1.46678559733315	1.09060604811803
Phase_I_oxygenases	aldh4a1	ENSGACG00000003426	39.6152608054443	32.6077721253293	38.590675548792
Phase_I_oxygenases	aldh5a1	ENSGACG00000002960	2.36049481483217	2.36942288799971	2.68456873382901
Phase_I_oxygenases	aldh6a1	ENSGACG00000012603	99.3460426416324	100.982546893321	104.446502300535
Phase_I_oxygenases	aldh7a1	ENSGACG00000009931	28.4285679873266	28.9972229626631	25.755081290172
Phase_I_oxygenases	aldh8a1	ENSGACG00000011008	14.4708595170146	12.2984330853318	13.926200306738
Phase_I_oxygenases	aldh9a1a.1	ENSGACG00000003908	11.4945834461393	13.426729698665	10.3188110706552
Phase_I_oxygenases	aldh9a1b	ENSGACG00000016177	20.7313022867869	22.5659322666639	23.2382981022073
Phase_I_oxygenases	cyp1a	ENSGACG00000014674	52.2387765543294	34.6387060293291	58.8927265983738
Phase_I_oxygenases	cyp1b1	ENSGACG00000003007	0	0.225659322666639	0
Phase_I_oxygenases	cyp1c1	ENSGACG00000006178	0.410520837362117	0.225659322666639	0.419463864660782
Phase_I_oxygenases	cyp1c2	ENSGACG00000006181	1.84734376812953	1.12829661333319	2.51678318796469
Phase_I_oxygenases	cyp1d1	ENSGACG00000011514	0.102630209340529	0	0.0838927729321564
Phase_I_oxygenases	cyp2ad2	ENSGACG00000001638	1.43682293076741	1.57961525866647	2.01342655037175
Phase_I_oxygenases	cyp2j20	ENSGACG00000011790	0.615781256043176	0.225659322666639	0.503356637592939
Phase_I_oxygenases	cyp2k19	ENSGACG00000011273	0.923671884064764	6.54412035733253	7.1308856992333
Phase_I_oxygenases	cyp2k21	ENSGACG00000012012	0.102630209340529	0	0
Phase_I_oxygenases	cyp2k8	ENSGACG00000011276	0	0	0.0838927729321564
Phase_I_oxygenases	cyp2n13	ENSGACG00000014535	1.33419272142688	0.789807629333236	0.671142183457251
Phase_I_oxygenases	cyp2p6	ENSGACG00000014531	0.615781256043176	0.338488983999958	0.335571091728626
Phase_I_oxygenases	cyp2r1	ENSGACG00000015638	0.205260418681059	0.338488983999958	0.335571091728626
Phase_I_oxygenases	cyp2u1	ENSGACG00000017462	47.5177869246651	42.9881009679947	42.7014214224676
Phase_I_oxygenases	cyp2x6	ENSGACG00000002832	2.4631250241727	1.46678559733315	2.09731932330391
Phase_I_oxygenases	cyp2x9	ENSGACG00000013996	0.410520837362117	0.338488983999958	0.335571091728626
Phase_I_oxygenases	cyp2y3	ENSGACG00000012840	35.5100524318231	44.2292272426612	37.5000695006739
Phase_I_oxygenases	cyp3a65	ENSGACG00000016669	6.26044276977229	8.01090595466568	9.98323997892662
Phase_I_oxygenases	cyp3a65	ENSGACG00000016687	2.77101565219429	4.85167543733274	1.76174823157529
Phase_I_oxygenases	cyp3a65	ENSGACG00000016696	0.821041674724235	0.225659322666639	0.671142183457251
Phase_I_oxygenases	cyp3c3	ENSGACG00000010952	8.92882821262605	8.23656527733232	7.04699292630114
Phase_I_oxygenases	cyp4t8	ENSGACG00000013953	1.33419272142688	1.69244491999979	3.10403259848979
Phase_I_oxygenases	cyp4v8	ENSGACG00000016874	16.2155730758036	12.5240924079985	16.9463401322956
Phase_I_oxygenases	fmo5	ENSGACG00000014646	0.410520837362117	0.112829661333319	0.0838927729321564
Phase_I_oxygenases	ptgs1	ENSGACG00000013921	0	0	0
Phase_I_oxygenases	ptgs2b	ENSGACG00000007384	13.2392970049283	10.944477149332	10.2349182977231
Phase_I_reductases	AKR1D1	ENSGACG00000018969	6.36307297911282	2.82074153333299	3.77517478194704
Phase_I_reductases	akr1a1a	ENSGACG00000009687	1.12893230274582	0.902637290666556	0.838927729321564
Phase_I_reductases	akr1a1b	ENSGACG00000003386	14.4708595170146	15.908982247998	13.6745219879415
Phase_I_reductases	akr1b1	ENSGACG00000018891	0.923671884064764	0.789807629333236	1.25839159398235
Phase_I_reductases	akr7a3	ENSGACG00000001677	18.1655470532737	19.2938720879976	18.7080883638709
Phase_I_reductases	ephx1	ENSGACG00000004116	41.4626045735738	44.2292272426612	42.7014214224676
Phase_I_reductases	ephx2	ENSGACG00000015516	0.718411465383705	0.338488983999958	0.587249410525095
Phase_I_reductases	ephx4	ENSGACG00000004290	2.66838544285376	3.27206017866627	2.93624705262547
Phase_I_reductases	ephx5	ENSGACG00000004582	27.6075263126024	29.7870305919963	32.1309320330159
Phase_I_reductases	hsd11b1la	ENSGACG00000012884	22.3733856362354	22.2274432826639	25.9228668360363
Phase_I_reductases	hsd11b2	ENSGACG00000017514	43.823099388406	29.2228822853297	38.4228900029276
Phase_I_reductases	hsd17b1	ENSGACG00000008535	0.205260418681059	0	0
Phase_I_reductases	hsd17b10	ENSGACG00000010525	60.0386724642097	57.6559569413263	56.2081578645448
Phase_I_reductases	hsd17b12a	ENSGACG00000006929	178.576564252521	122.871501191985	150.000278002696
Phase_I_reductases	hsd17b12b	ENSGACG00000017131	23.2970575203002	23.3557398959971	21.979906508225
Phase_I_reductases	hsd17b14	ENSGACG00000014680	22.1681252175543	18.8425534426644	18.3725172721423
Phase_I_reductases	hsd17b3	ENSGACG00000006978	0	0	0
Phase_I_reductases	hsd17b4	ENSGACG00000006242	17.2418751692089	12.1856034239985	14.6812352631274
Phase_I_reductases	hsd17b7	ENSGACG00000016134	0.513151046702647	0.902637290666556	1.09060604811803
Phase_I_reductases	hsd17b8	ENSGACG00000001856	4.10520837362117	4.96450509866606	5.2013519217937
Phase_I_reductases	hsd20b2	ENSGACG00000020397	0.205260418681059	0.112829661333319	0.0838927729321564
Phase_I_reductases	hsd3b1	ENSGACG00000001425	0	0	0.0838927729321564
Phase_I_reductases	hsd3b7	ENSGACG00000013673	6.05518235109123	6.88260934133249	7.21477847216545
Phase_I_reductases	hsdl1	ENSGACG00000006812	1.94997397747006	1.69244491999979	1.00671327518588
Phase_I_reductases	hsdl2	ENSGACG00000015440	49.8782817394973	42.0854636773282	48.0705588901256
Phase_I_reductases	nqo1	ENSGACG00000003752	1.64208334944847	1.69244491999979	1.84564100450744
Phase_I_reductases	nqo1	ENSGACG00000003762	1.02630209340529	0.564148306666597	1.25839159398235
Phase_I_reductases	nqo1	ENSGACG00000003764	1.33419272142688	0.902637290666556	0.503356637592939
Phase_I_reductases	nqo1	ENSGACG00000003776	1.53945314010794	0.902637290666556	1.84564100450744
Phase_I_reductases	nqo1	ENSGACG00000003788	7.49200528185864	18.5040644586644	2.26510486916822
